Local time,Open,High,Low,Close,Volume
31.12.2003 17:00:00.000 GMT-0500,415.024,430.178,395.813,401.827,211959741.69549987
31.01.2004 17:00:00.000 GMT-0500,401.734,416.439,389.965,395.495,207854446.4533999
29.02.2004 17:00:00.000 GMT-0500,395.798,426.921,386.999,425.708,279767288.9327002
31.03.2004 17:00:00.000 GMT-0500,425.611,430.499,376.731,385.860,329058171.8810007
30.04.2004 16:00:00.000 GMT-0500,386.339,396.383,370.627,394.904,302586707.7045001
31.05.2004 16:00:00.000 GMT-0500,394.725,404.590,380.548,393.769,380158108.0647998
30.06.2004 16:00:00.000 GMT-0500,393.560,408.672,384.575,390.663,346104981.55179983
31.07.2004 16:00:00.000 GMT-0500,389.761,413.887,387.986,409.128,332386077.70479995
31.08.2004 16:00:00.000 GMT-0500,408.981,418.658,394.110,418.246,348371408.74899954
30.09.2004 16:00:00.000 GMT-0500,418.228,430.007,408.391,427.449,349511646.9603
31.10.2004 17:00:00.000 GMT-0500,427.478,454.615,416.451,450.523,343523208.7258003
30.11.2004 17:00:00.000 GMT-0500,450.160,456.484,430.752,437.555,332957364.70939964
31.12.2004 17:00:00.000 GMT-0500,437.432,437.834,415.965,421.406,321798405.66769993
31.01.2005 17:00:00.000 GMT-0500,421.550,437.147,409.643,435.085,331456622.2429999
28.02.2005 17:00:00.000 GMT-0500,435.071,446.563,422.397,427.360,381386054.2279997
31.03.2005 17:00:00.000 GMT-0500,427.836,437.225,421.303,432.626,373027950.0619995
30.04.2005 16:00:00.000 GMT-0500,434.184,435.574,412.648,416.479,406958759.25190014
31.05.2005 16:00:00.000 GMT-0500,416.635,443.365,413.403,434.233,464753049.7774002
30.06.2005 16:00:00.000 GMT-0500,434.597,436.130,416.992,428.903,449102873.1906998
31.07.2005 16:00:00.000 GMT-0500,428.770,449.366,427.845,434.428,526931093.14019954
31.08.2005 16:00:00.000 GMT-0500,434.180,475.072,433.652,468.346,530573384.79260004
30.09.2005 16:00:00.000 GMT-0500,469.548,480.091,458.860,465.048,509397618.53229934
31.10.2005 17:00:00.000 GMT-0500,465.206,502.156,454.347,491.832,521586723.4327
30.11.2005 17:00:00.000 GMT-0500,492.064,540.496,488.654,515.434,538665987.1792
31.12.2005 17:00:00.000 GMT-0500,515.963,572.274,514.953,568.123,495176853.5521999
31.01.2006 17:00:00.000 GMT-0500,568.178,574.675,533.898,560.749,497585304.7811998
28.02.2006 17:00:00.000 GMT-0500,560.600,589.340,533.513,582.953,573472471.5491005
31.03.2006 17:00:00.000 GMT-0500,582.688,655.358,581.127,653.559,505952164.1135002
30.04.2006 16:00:00.000 GMT-0500,653.865,730.050,634.596,644.064,593887027.1296002
31.05.2006 16:00:00.000 GMT-0500,644.204,645.320,542.184,614.871,568793859.4829998
30.06.2006 16:00:00.000 GMT-0500,613.427,675.816,601.459,635.837,527907806.29280037
31.07.2006 16:00:00.000 GMT-0500,635.575,655.951,606.492,626.066,597907535.7023998
31.08.2006 16:00:00.000 GMT-0500,626.050,640.301,569.902,597.170,532258762.98580045
30.09.2006 16:00:00.000 GMT-0500,597.338,610.088,558.947,605.497,562438431.8143004
31.10.2006 17:00:00.000 GMT-0500,606.029,648.596,604.660,645.813,566185207.86
30.11.2006 17:00:00.000 GMT-0500,646.022,649.630,611.108,635.695,525510220.79610026
31.12.2006 17:00:00.000 GMT-0500,635.757,654.648,601.591,652.322,590248790.9639997
31.01.2007 17:00:00.000 GMT-0500,652.171,688.470,642.190,668.820,506572694.5545996
28.02.2007 17:00:00.000 GMT-0500,668.594,677.355,631.853,663.308,473041878.17879957
31.03.2007 16:00:00.000 GMT-0500,662.857,693.670,655.929,677.885,119343048.77360012
30.04.2007 16:00:00.000 GMT-0500,677.912,690.519,651.020,660.270,128425144.07359992
31.05.2007 16:00:00.000 GMT-0500,659.720,673.595,638.448,649.158,116247970.88960004
30.06.2007 16:00:00.000 GMT-0500,648.668,686.972,644.522,663.748,121878363.07339995
31.07.2007 16:00:00.000 GMT-0500,663.773,676.595,641.723,672.761,137402867.5201999
31.08.2007 16:00:00.000 GMT-0500,672.348,745.323,670.575,743.005,124419491.26920018
30.09.2007 16:00:00.000 GMT-0500,744.248,796.905,720.319,796.427,151912211.9707001
31.10.2007 16:00:00.000 GMT-0500,796.391,845.325,772.513,783.123,153187210.94709992
30.11.2007 17:00:00.000 GMT-0500,783.112,842.901,776.660,833.096,141712199.83669996
31.12.2007 17:00:00.000 GMT-0500,833.016,936.384,832.865,925.524,164666508.90640008
31.01.2008 17:00:00.000 GMT-0500,925.473,975.714,884.392,973.248,156703063.73339993
29.02.2008 17:00:00.000 GMT-0500,973.423,1031.828,904.303,915.715,153837328.09050012
31.03.2008 16:00:00.000 GMT-0500,915.809,952.570,862.156,876.483,153160846.14370018
30.04.2008 16:00:00.000 GMT-0500,876.772,934.916,846.641,885.468,155109928.027
31.05.2008 16:00:00.000 GMT-0500,885.669,934.840,857.264,924.831,152835543.08880007
30.06.2008 16:00:00.000 GMT-0500,924.744,987.517,893.433,913.267,171664397.44139996
31.07.2008 16:00:00.000 GMT-0500,913.182,916.457,776.383,830.363,159725138.2404
31.08.2008 16:00:00.000 GMT-0500,829.547,922.361,736.113,870.207,169076218.90989992
30.09.2008 16:00:00.000 GMT-0500,870.287,929.895,681.999,723.509,181729173.0204
31.10.2008 16:00:00.000 GMT-0500,724.209,829.044,699.719,817.619,161222294.57660004
30.11.2008 17:00:00.000 GMT-0500,812.722,890.016,740.956,879.843,185805112.2192001
31.12.2008 17:00:00.000 GMT-0500,879.871,928.787,801.829,926.075,158221821.05449986
31.01.2009 17:00:00.000 GMT-0500,926.769,1004.764,889.173,941.897,149459776.03689983
28.02.2009 17:00:00.000 GMT-0500,939.644,966.428,883.242,918.694,167281654.86480004
31.03.2009 16:00:00.000 GMT-0500,918.630,932.362,864.329,887.809,170115486.64479992
30.04.2009 16:00:00.000 GMT-0500,887.861,979.773,879.615,978.402,167211302.42140007
31.05.2009 16:00:00.000 GMT-0500,978.770,989.287,913.258,925.930,179868095.7258999
30.06.2009 16:00:00.000 GMT-0500,925.950,958.423,904.486,953.247,188190108.02290016
31.07.2009 16:00:00.000 GMT-0500,953.498,971.284,929.900,950.891,174951571.11499992
31.08.2009 16:00:00.000 GMT-0500,950.774,1023.591,945.848,1007.159,189509149.9164001
30.09.2009 16:00:00.000 GMT-0500,1007.054,1069.961,987.294,1044.678,195196852.84069997
31.10.2009 16:00:00.000 GMT-0500,1044.220,1194.676,1039.898,1178.949,191681946.02459994
30.11.2009 17:00:00.000 GMT-0500,1178.878,1225.940,1074.195,1096.191,217373966.73920003
31.12.2009 17:00:00.000 GMT-0500,1096.318,1160.949,1074.105,1080.525,348932784.31209993
31.01.2010 17:00:00.000 GMT-0500,1078.984,1130.283,1044.703,1117.161,356152139.0532996
28.02.2010 17:00:00.000 GMT-0500,1115.898,1144.591,1084.702,1112.534,423292922.1391996
31.03.2010 16:00:00.000 GMT-0500,1112.704,1181.253,1111.103,1178.544,476640322.1199
30.04.2010 16:00:00.000 GMT-0500,1177.919,1248.756,1157.506,1215.680,476749111.04909986
31.05.2010 16:00:00.000 GMT-0500,1215.648,1264.288,1196.605,1241.794,551781039.8184001
30.06.2010 16:00:00.000 GMT-0500,1241.881,1243.478,1156.929,1180.457,647320172.4360995
31.07.2010 16:00:00.000 GMT-0500,1181.097,1249.491,1174.217,1247.075,716718238.6372011
31.08.2010 16:00:00.000 GMT-0500,1247.038,1315.179,1236.496,1307.890,825200844.1991001
30.09.2010 16:00:00.000 GMT-0500,1307.958,1386.367,1305.519,1358.798,887953631.594601
31.10.2010 16:00:00.000 GMT-0500,1356.698,1423.900,1325.510,1385.237,775648889.8463001
30.11.2010 17:00:00.000 GMT-0500,1385.254,1430.943,1361.948,1418.881,453843633.6895998
31.12.2010 17:00:00.000 GMT-0500,1419.100,1423.774,1308.232,1332.351,480166699.5965998
31.01.2011 17:00:00.000 GMT-0500,1332.277,1418.157,1325.229,1410.939,391016457.4233001
28.02.2011 17:00:00.000 GMT-0500,1410.947,1447.701,1382.604,1431.968,590426224.0234997
31.03.2011 16:00:00.000 GMT-0500,1431.992,1569.330,1413.108,1562.823,475851616.6214997
30.04.2011 16:00:00.000 GMT-0500,1563.348,1576.415,1462.394,1535.139,756239208.1607012
31.05.2011 16:00:00.000 GMT-0500,1535.246,1558.060,1490.958,1500.060,612570791.5573002
30.06.2011 16:00:00.000 GMT-0500,1499.981,1632.513,1478.038,1626.856,587051673.3974999
31.07.2011 16:00:00.000 GMT-0500,1626.400,1911.754,1607.740,1825.550,1173974499.9261985
31.08.2011 16:00:00.000 GMT-0500,1825.532,1920.662,1535.456,1623.529,1191125243.605601
30.09.2011 16:00:00.000 GMT-0500,1623.002,1752.390,1595.758,1714.494,932002374.2757007
31.10.2011 16:00:00.000 GMT-0500,1714.861,1802.903,1666.575,1746.067,968343782.871601
30.11.2011 17:00:00.000 GMT-0500,1746.131,1760.708,1522.643,1565.210,881601713.8790008
31.12.2011 17:00:00.000 GMT-0500,1565.057,1747.647,1563.818,1737.283,623156240.0845996
31.01.2012 17:00:00.000 GMT-0500,1737.387,1790.608,1688.724,1696.481,637779640.2488003
29.02.2012 17:00:00.000 GMT-0500,1696.481,1725.775,1628.121,1667.889,723299580.4329002
31.03.2012 16:00:00.000 GMT-0500,1667.417,1683.405,1612.347,1664.464,694734998.3314006
30.04.2012 16:00:00.000 GMT-0500,1664.464,1671.502,1526.925,1560.421,867825640.3077996
31.05.2012 16:00:00.000 GMT-0500,1560.413,1640.943,1544.973,1597.065,901945021.7536998
30.06.2012 16:00:00.000 GMT-0500,1597.367,1629.483,1554.944,1614.203,830279579.6011001
31.07.2012 16:00:00.000 GMT-0500,1614.217,1692.952,1584.553,1690.726,763582422.2269995
31.08.2012 16:00:00.000 GMT-0500,1691.417,1787.363,1685.391,1772.222,714519101.3884007
30.09.2012 16:00:00.000 GMT-0500,1771.717,1795.852,1698.803,1720.353,762159000.1732002
31.10.2012 16:00:00.000 GMT-0500,1720.415,1754.043,1672.506,1714.613,723259859.2190005
30.11.2012 17:00:00.000 GMT-0500,1714.053,1723.252,1635.543,1674.983,593143461.2489
31.12.2012 17:00:00.000 GMT-0500,1675.035,1696.657,1625.759,1663.563,697251319.9522
31.01.2013 17:00:00.000 GMT-0500,1663.267,1685.344,1554.948,1579.463,944871559.4590999
28.02.2013 17:00:00.000 GMT-0500,1579.463,1616.652,1561.712,1596.719,715748399.6045998
31.03.2013 16:00:00.000 GMT-0500,1597.413,1603.863,1321.552,1476.395,875796048.6655003
30.04.2013 16:00:00.000 GMT-0500,1475.640,1487.803,1337.948,1387.221,1397232477.0751991
31.05.2013 16:00:00.000 GMT-0500,1389.227,1423.552,1180.274,1233.266,843250341.1207006
30.06.2013 16:00:00.000 GMT-0500,1234.290,1347.463,1208.133,1324.246,731450661.3097003
31.07.2013 16:00:00.000 GMT-0500,1323.423,1433.695,1272.730,1394.518,541668619.5041003
31.08.2013 16:00:00.000 GMT-0500,1393.193,1416.295,1291.662,1328.587,630569609.6597005
30.09.2013 16:00:00.000 GMT-0500,1327.483,1361.737,1251.662,1322.780,858383381.0693004
31.10.2013 16:00:00.000 GMT-0500,1322.799,1327.372,1224.864,1251.022,534278358.27710015
30.11.2013 17:00:00.000 GMT-0500,1250.803,1267.793,1182.343,1205.393,548693019.8255
31.12.2013 17:00:00.000 GMT-0500,1203.612,1279.013,1202.302,1244.343,558403729.7472996
31.01.2014 17:00:00.000 GMT-0500,1242.482,1345.392,1240.813,1326.163,574287739.9834005
28.02.2014 17:00:00.000 GMT-0500,1332.303,1389.122,1282.428,1283.932,771158780.9732007
31.03.2014 16:00:00.000 GMT-0500,1283.954,1331.113,1268.506,1291.444,687083539.5326004
30.04.2014 16:00:00.000 GMT-0500,1291.434,1315.523,1242.149,1249.300,811610207.5625995
31.05.2014 16:00:00.000 GMT-0500,1250.032,1329.450,1240.522,1327.177,850142079.2717001
30.06.2014 16:00:00.000 GMT-0500,1327.147,1345.033,1280.743,1282.459,974445059.8186996
31.07.2014 16:00:00.000 GMT-0500,1282.933,1322.651,1271.973,1286.765,627163961.4353001
31.08.2014 16:00:00.000 GMT-0500,1287.242,1289.827,1204.406,1208.002,914747743.1580997
30.09.2014 16:00:00.000 GMT-0500,1207.639,1255.179,1161.148,1172.410,1170863015.0055997
31.10.2014 16:00:00.000 GMT-0500,1169.770,1207.760,1131.549,1166.491,1188154218.8766007
30.11.2014 17:00:00.000 GMT-0500,1151.079,1238.191,1142.639,1183.701,1153581698.6014004
31.12.2014 17:00:00.000 GMT-0500,1183.949,1307.474,1167.430,1283.351,1181090080.3902013
31.01.2015 17:00:00.000 GMT-0500,1281.849,1285.670,1190.388,1212.971,887462747.4979004
28.02.2015 17:00:00.000 GMT-0500,1213.669,1223.189,1142.759,1183.269,955289188.3040994
31.03.2015 16:00:00.000 GMT-0500,1182.842,1224.188,1175.204,1183.828,976136485.2866994
30.04.2015 16:00:00.000 GMT-0500,1183.593,1232.329,1169.583,1190.298,953372748.9808005
31.05.2015 16:00:00.000 GMT-0500,1189.269,1205.690,1162.741,1171.998,1070415186.9598995
30.06.2015 16:00:00.000 GMT-0500,1171.889,1175.049,1070.698,1095.272,1361723268.9071996
31.07.2015 16:00:00.000 GMT-0500,1095.909,1170.029,1080.968,1134.469,1338889831.5147996
31.08.2015 16:00:00.000 GMT-0500,1134.230,1156.711,1098.728,1114.519,1259961240.9581008
30.09.2015 16:00:00.000 GMT-0500,1115.069,1191.450,1104.608,1141.831,1454280017.5699995
31.10.2015 16:00:00.000 GMT-0500,1141.652,1142.989,1052.708,1064.241,1245204915.8781004
30.11.2015 17:00:00.000 GMT-0500,1064.799,1088.841,1046.231,1060.881,1553624572.0981011
31.12.2015 17:00:00.000 GMT-0500,1062.341,1127.990,1061.729,1117.891,1649611559.5639007
31.01.2016 17:00:00.000 GMT-0500,1117.641,1263.329,1115.352,1238.171,2104341214.8954024
29.02.2016 17:00:00.000 GMT-0500,1237.529,1284.189,1208.068,1232.269,2199450086.235299
31.03.2016 16:00:00.000 GMT-0500,1232.198,1296.652,1208.999,1292.138,2088222311.7935994
30.04.2016 16:00:00.000 GMT-0500,1290.480,1303.655,1199.732,1214.148,2242258533.7212024
31.05.2016 16:00:00.000 GMT-0500,1215.349,1358.229,1205.909,1321.201,1848222048.1636004
30.06.2016 16:00:00.000 GMT-0500,1322.089,1375.081,1310.759,1350.078,1587313332.7064998
31.07.2016 16:00:00.000 GMT-0500,1349.338,1367.198,1304.358,1307.729,1585938998.913598
31.08.2016 16:00:00.000 GMT-0500,1307.919,1352.558,1302.452,1314.998,1592711467.3590007
30.09.2016 16:00:00.000 GMT-0500,1318.429,1319.619,1241.388,1276.009,1099193810.9098992
31.10.2016 16:00:00.000 GMT-0500,1276.409,1337.308,1170.718,1172.381,1520186440.1157005
30.11.2016 17:00:00.000 GMT-0500,1172.381,1188.062,1122.839,1150.312,1108233787.1539001
31.12.2016 17:00:00.000 GMT-0500,1150.000,1219.931,1146.039,1209.601,1364339519.478099
31.01.2017 17:00:00.000 GMT-0500,1209.601,1263.831,1198.148,1247.201,1334627684.9824
28.02.2017 17:00:00.000 GMT-0500,1247.201,1261.012,1194.848,1248.358,1427476810.8575993
31.03.2017 16:00:00.000 GMT-0500,1247.378,1295.422,1243.691,1266.769,1088633475.1513
30.04.2017 16:00:00.000 GMT-0500,1268.252,1274.072,1214.259,1267.529,1180626743.6309001
31.05.2017 16:00:00.000 GMT-0500,1268.219,1296.058,1236.001,1240.411,1141038825.511401
30.06.2017 16:00:00.000 GMT-0500,1241.621,1271.129,1204.832,1268.518,1080937954.2877
31.07.2017 16:00:00.000 GMT-0500,1268.958,1325.951,1251.488,1320.218,1445861665.904301
31.08.2017 16:00:00.000 GMT-0500,1321.549,1357.498,1275.751,1278.502,1805912273.0497997
30.09.2017 16:00:00.000 GMT-0500,1279.541,1306.012,1260.581,1270.911,2215985370.755299
31.10.2017 16:00:00.000 GMT-0500,1271.048,1299.168,1265.469,1274.158,2494908791.0639997
30.11.2017 17:00:00.000 GMT-0500,1274.361,1307.552,1236.461,1302.622,2051777180.9106004
31.12.2017 17:00:00.000 GMT-0500,1302.922,1366.002,1302.231,1344.628,2295859422.6333
31.01.2018 17:00:00.000 GMT-0500,1344.852,1361.682,1307.018,1317.859,2079803717.7724996
28.02.2018 17:00:00.000 GMT-0500,1317.921,1356.788,1302.758,1325.071,1347719953.581801
31.03.2018 16:00:00.000 GMT-0500,1325.742,1365.172,1310.168,1315.081,730410216.5249
30.04.2018 16:00:00.000 GMT-0500,1314.959,1325.901,1282.029,1298.172,677505173.5781993
31.05.2018 16:00:00.000 GMT-0500,1298.719,1309.271,1245.918,1252.529,682826353.9975996
30.06.2018 16:00:00.000 GMT-0500,1251.521,1265.868,1211.509,1222.648,893573104.1731999
31.07.2018 16:00:00.000 GMT-0500,1223.329,1224.762,1160.168,1200.737,978079005.6295005
31.08.2018 16:00:00.000 GMT-0500,1200.138,1212.609,1180.718,1191.762,791157223.5962001
30.09.2018 16:00:00.000 GMT-0500,1192.309,1243.378,1182.542,1214.443,1019815278.2613002
31.10.2018 16:00:00.000 GMT-0500,1214.990,1237.328,1196.195,1222.025,764498460.6951004
30.11.2018 17:00:00.000 GMT-0500,1222.948,1283.998,1221.205,1282.185,696005678.0720996
31.12.2018 17:00:00.000 GMT-0500,1282.295,1326.248,1276.565,1320.915,688021166.0338994
31.01.2019 17:00:00.000 GMT-0500,1321.215,1346.655,1302.288,1312.835,528210207.9779
28.02.2019 17:00:00.000 GMT-0500,1313.475,1324.448,1280.485,1291.885,712009896.6812003
31.03.2019 16:00:00.000 GMT-0500,1292.025,1310.518,1266.198,1282.415,584717442.9452002
30.04.2019 16:00:00.000 GMT-0500,1283.055,1306.878,1266.195,1305.295,841775069.2957002
31.05.2019 16:00:00.000 GMT-0500,1306.918,1439.138,1305.835,1409.485,1084989277.3862
30.06.2019 16:00:00.000 GMT-0500,1397.165,1452.888,1381.715,1412.578,1007603552.4638999
31.07.2019 16:00:00.000 GMT-0500,1412.815,1555.048,1400.418,1519.998,1197653182.1491995
31.08.2019 16:00:00.000 GMT-0500,1528.325,1556.958,1464.445,1471.998,1202858044.7223003
30.09.2019 16:00:00.000 GMT-0500,1472.048,1519.488,1459.008,1512.498,1434997449.234398
31.10.2019 16:00:00.000 GMT-0500,1512.548,1515.938,1445.545,1463.448,985374871.9765992
30.11.2019 17:00:00.000 GMT-0500,1464.048,1525.235,1453.885,1516.915,907923270.1067
31.12.2019 17:00:00.000 GMT-0500,1518.768,1611.325,1517.115,1589.325,1353560052.0381007
31.01.2020 17:00:00.000 GMT-0500,1593.388,1689.255,1547.425,1585.435,1546301991.8350992
29.02.2020 17:00:00.000 GMT-0500,1591.378,1703.318,1451.148,1575.948,2417730946.6898003
31.03.2020 16:00:00.000 GMT-0500,1573.038,1747.625,1567.468,1685.998,1233468597.2626014
30.04.2020 16:00:00.000 GMT-0500,1684.838,1765.018,1670.418,1728.695,1377259868.2947004
31.05.2020 16:00:00.000 GMT-0500,1735.808,1785.850,1670.745,1780.378,1562508260.0705988
30.06.2020 16:00:00.000 GMT-0500,1780.278,1984.218,1757.438,1975.568,1573325395.4349005
31.07.2020 16:00:00.000 GMT-0500,1978.898,2074.798,1862.318,1967.438,1991105880.557999
31.08.2020 16:00:00.000 GMT-0500,1967.108,1992.298,1848.455,1885.568,1523861397.3854992
30.09.2020 16:00:00.000 GMT-0500,1885.538,1933.048,1859.868,1878.438,1256879729.1822011
31.10.2020 16:00:00.000 GMT-0500,1876.928,1965.415,1764.245,1776.598,1288722084.8507013
30.11.2020 17:00:00.000 GMT-0500,1776.291,1906.638,1775.685,1897.765,1064473875.4934998
31.12.2020 17:00:00.000 GMT-0500,1904.998,1959.225,1802.948,1847.048,1343391370.7122993
31.01.2021 17:00:00.000 GMT-0500,1863.422,1871.636,1717.090,1733.188,1646668598.473801
28.02.2021 17:00:00.000 GMT-0500,1732.746,1759.715,1676.696,1707.218,1825632311.7608995
31.03.2021 16:00:00.000 GMT-0500,1707.658,1797.748,1705.638,1768.428,1408383661.6277
30.04.2021 16:00:00.000 GMT-0500,1768.870,1912.648,1765.945,1906.518,1561392298.0132997
31.05.2021 16:00:00.000 GMT-0500,1907.388,1916.485,1750.488,1769.638,1276101978.6014001
30.06.2021 16:00:00.000 GMT-0500,1769.538,1833.976,1765.528,1813.398,766027515.8886992
31.07.2021 16:00:00.000 GMT-0500,1813.321,1831.605,1670.488,1813.028,684083448.3063996
31.08.2021 16:00:00.000 GMT-0500,1812.968,1833.908,1721.548,1756.348,809228495.7024995
30.09.2021 16:00:00.000 GMT-0500,1756.566,1813.748,1745.770,1782.988,935102511.5113006
31.10.2021 16:00:00.000 GMT-0500,1783.028,1877.118,1758.644,1773.948,876163201.5253996
30.11.2021 17:00:00.000 GMT-0500,1775.045,1830.248,1752.928,1829.058,783869605.1839
31.12.2021 17:00:00.000 GMT-0500,1828.604,1853.748,1780.158,1796.668,962613246.0830001
31.01.2022 17:00:00.000 GMT-0500,1797.325,1974.398,1788.538,1908.738,1266445916.8911002
28.02.2022 17:00:00.000 GMT-0500,1908.638,2070.358,1889.998,1936.788,1317670440.9425006
31.03.2022 16:00:00.000 GMT-0500,1936.153,1998.268,1871.938,1895.748,1022533304.5423995
30.04.2022 16:00:00.000 GMT-0500,1895.635,1909.633,1786.638,1837.048,1002111669.7041006
31.05.2022 16:00:00.000 GMT-0500,1836.138,1878.763,1802.618,1807.098,882300676.5383998
30.06.2022 16:00:00.000 GMT-0500,1806.608,1814.198,1680.748,1765.698,906620257.0646998
31.07.2022 16:00:00.000 GMT-0500,1764.809,1807.768,1709.514,1710.798,867383533.7777996
31.08.2022 16:00:00.000 GMT-0500,1711.268,1735.035,1614.710,1659.978,1104990845.7325997
30.09.2022 16:00:00.000 GMT-0500,1662.198,1729.435,1617.067,1632.898,1326956484.4070003
31.10.2022 16:00:00.000 GMT-0500,1632.407,1786.367,1616.477,1768.098,1498121712.2518976
30.11.2022 17:00:00.000 GMT-0500,1768.618,1833.215,1766.000,1823.463,954381963.2832991
31.12.2022 17:00:00.000 GMT-0500,1826.837,1949.085,1823.287,1927.475,715494750.3350999
31.01.2023 17:00:00.000 GMT-0500,1927.538,1959.625,1804.594,1826.648,594516915.2484003
28.02.2023 17:00:00.000 GMT-0500,1826.104,2009.695,1809.248,1968.748,860082584.6500994
31.03.2023 16:00:00.000 GMT-0500,1972.298,2048.538,1949.595,1989.548,571459991.6788006
30.04.2023 16:00:00.000 GMT-0500,1990.398,2079.778,1931.905,1962.398,1261021490.2612004
31.05.2023 16:00:00.000 GMT-0500,1962.204,1983.315,1892.915,1919.538,539579617.7534999
30.06.2023 16:00:00.000 GMT-0500,1918.898,1987.385,1902.505,1964.718,487853036.2776
31.07.2023 16:00:00.000 GMT-0500,1965.195,1965.885,1884.755,1939.658,394388272.96360016
31.08.2023 16:00:00.000 GMT-0500,1938.898,1952.905,1846.205,1848.098,350178739.25999975
30.09.2023 16:00:00.000 GMT-0500,1847.268,2009.395,1810.288,1983.498,485408767.57309985
31.10.2023 16:00:00.000 GMT-0500,1982.778,2051.865,1931.515,2036.098,436040297.1714998
30.11.2023 17:00:00.000 GMT-0500,2036.218,2145.135,1972.935,2062.688,573798632.5622001
31.12.2023 17:00:00.000 GMT-0500,2062.598,2078.825,2001.755,2039.105,610511381.0977004
31.01.2024 17:00:00.000 GMT-0500,2039.625,2065.348,1984.088,2043.855,460497774.89139986
29.02.2024 17:00:00.000 GMT-0500,2043.168,2236.015,2038.915,2232.698,689654563.3520007
31.03.2024 16:00:00.000 GMT-0500,2238.435,2431.385,2228.395,2285.495,1298042055.009401
30.04.2024 16:00:00.000 GMT-0500,2285.965,2449.985,2277.165,2326.995,1220574249.9981
31.05.2024 16:00:00.000 GMT-0500,2327.425,2387.595,2286.628,2326.275,1080431367.8365011
30.06.2024 16:00:00.000 GMT-0500,2326.315,2483.548,2318.395,2447.095,1268394462.3319998
31.07.2024 16:00:00.000 GMT-0500,2448.498,2531.558,2364.164,2502.925,1468548242.5395
31.08.2024 16:00:00.000 GMT-0500,2502.435,2685.405,2471.718,2634.204,1371120645.9403992
30.09.2024 16:00:00.000 GMT-0500,2633.898,2790.005,2601.734,2743.765,1394336078.1775997
31.10.2024 16:00:00.000 GMT-0500,2743.945,2762.048,2536.664,2649.945,1619211198.3598998
30.11.2024 17:00:00.000 GMT-0500,2653.075,2726.105,2582.264,2590.675,1139899802.1874163